{
  "loss": [
    0.4217342138290405,
    0.2586624324321747,
    0.1544857621192932,
    0.13480383157730103,
    0.14203086495399475,
    0.1638898253440857,
    0.12476297467947006,
    0.12717925012111664,
    0.12215593457221985,
    0.13007766008377075,
    0.11868437379598618,
    0.11684637516736984,
    0.11689526587724686,
    0.1247558742761612,
    0.1341610848903656,
    0.11032082140445709,
    0.11374443024396896,
    0.12140803784132004,
    0.11869527399539948,
    0.12551181018352509,
    0.1112985759973526,
    0.12326521426439285,
    0.12770144641399384,
    0.12362141162157059,
    0.1205361932516098,
    0.12178703397512436,
    0.10585640370845795,
    0.11716291308403015,
    0.12441386282444,
    0.11709361523389816,
    0.11534343659877777,
    0.11115002632141113,
    0.10957805067300797
  ],
  "rmse": [
    0.44663742184638977,
    0.29528284072875977,
    0.20875276625156403,
    0.1689753234386444,
    0.19685715436935425,
    0.2114066481590271,
    0.18003910779953003,
    0.18146568536758423,
    0.1709280014038086,
    0.1771146059036255,
    0.1716284155845642,
    0.16447894275188446,
    0.16523246467113495,
    0.17288562655448914,
    0.17679254710674286,
    0.15793679654598236,
    0.17341820895671844,
    0.16596226394176483,
    0.17190822958946228,
    0.17994153499603271,
    0.1615421622991562,
    0.16304484009742737,
    0.17550039291381836,
    0.1758819967508316,
    0.16490495204925537,
    0.17555244266986847,
    0.15091438591480255,
    0.16075719892978668,
    0.17827749252319336,
    0.17248079180717468,
    0.16963352262973785,
    0.15788619220256805,
    0.1550089716911316
  ],
  "val_loss": [
    0.38236698508262634,
    0.11010575294494629,
    0.10638894885778427,
    0.09774428606033325,
    0.18387143313884735,
    0.15016375482082367,
    0.08502890914678574,
    0.07589344680309296,
    0.08842215687036514,
    0.09567130357027054,
    0.10429733991622925,
    0.08755318075418472,
    0.08634170889854431,
    0.09029117226600647,
    0.10466571897268295,
    0.09629464149475098,
    0.08228233456611633,
    0.09664442390203476,
    0.10508721321821213,
    0.10132946819067001,
    0.08932554721832275,
    0.09717188030481339,
    0.10197135806083679,
    0.0962088331580162,
    0.08679948002099991,
    0.08947933465242386,
    0.09560373425483704,
    0.10016334801912308,
    0.09796798229217529,
    0.10323315858840942,
    0.10377705097198486,
    0.09839498996734619,
    0.09118335694074631
  ],
  "val_rmse": [
    0.39369064569473267,
    0.13994337618350983,
    0.12451674789190292,
    0.1292351484298706,
    0.20703516900539398,
    0.177071675658226,
    0.11523492634296417,
    0.10230329632759094,
    0.1198059618473053,
    0.1283123791217804,
    0.13653479516506195,
    0.11887216567993164,
    0.11749579012393951,
    0.12241389602422714,
    0.13679355382919312,
    0.12911318242549896,
    0.11221475899219513,
    0.1295376867055893,
    0.13716807961463928,
    0.13391488790512085,
    0.12156008183956146,
    0.13012200593948364,
    0.13443560898303986,
    0.12913556396961212,
    0.11848526448011398,
    0.12195343524217606,
    0.12862509489059448,
    0.1329478919506073,
    0.13108070194721222,
    0.13556434214115143,
    0.13602817058563232,
    0.13132615387439728,
    0.12399257719516754
  ],
  "learning_rate": [
    0.0005000000237487257,
    0.0005000000237487257,
    0.0005000000237487257,
    0.0005000000237487257,
    0.0005000000237487257,
    0.0005000000237487257,
    0.0005000000237487257,
    0.0005000000237487257,
    0.0005000000237487257,
    0.0005000000237487257,
    0.0005000000237487257,
    0.0005000000237487257,
    0.0005000000237487257,
    0.0005000000237487257,
    0.0005000000237487257,
    0.0005000000237487257,
    0.0005000000237487257,
    0.0005000000237487257,
    0.0002500000118743628,
    0.0002500000118743628,
    0.0002500000118743628,
    0.0002500000118743628,
    0.0002500000118743628,
    0.0002500000118743628,
    0.0002500000118743628,
    0.0002500000118743628,
    0.0002500000118743628,
    0.0002500000118743628,
    0.0001250000059371814,
    0.0001250000059371814,
    0.0001250000059371814,
    0.0001250000059371814,
    0.0001250000059371814
  ]
}