{
  "loss": [
    0.41373682022094727,
    0.28897997736930847,
    0.25334060192108154,
    0.23687990009784698,
    0.22584925591945648,
    0.215839684009552,
    0.20662324130535126,
    0.19820646941661835,
    0.19005674123764038,
    0.1842549443244934,
    0.17601972818374634,
    0.1681651622056961,
    0.16033239662647247,
    0.15397918224334717,
    0.14749829471111298,
    0.14042814075946808,
    0.1352301687002182,
    0.12884150445461273,
    0.12365800887346268,
    0.11887437105178833,
    0.11528885364532471,
    0.10994452983140945,
    0.10499616712331772,
    0.10010114312171936,
    0.09579920768737793,
    0.09232988953590393,
    0.0883018895983696,
    0.08465081453323364,
    0.0809347853064537,
    0.07861345261335373,
    0.0747523382306099,
    0.07195287197828293,
    0.06995201855897903,
    0.06708209961652756,
    0.06454787403345108,
    0.06256148219108582,
    0.059933435171842575,
    0.05735692009329796,
    0.05487794801592827,
    0.052460189908742905,
    0.05010642111301422,
    0.048074591904878616,
    0.04658903181552887,
    0.04526323080062866,
    0.04392405226826668,
    0.04270300641655922,
    0.041830018162727356,
    0.0410987064242363,
    0.040257807821035385,
    0.039444614201784134,
    0.03892543166875839,
    0.03849218785762787,
    0.0379999615252018,
    0.037493862211704254,
    0.03712509199976921,
    0.03690740093588829,
    0.036713581532239914,
    0.036450374871492386,
    0.03615928441286087,
    0.03596171736717224,
    0.03590880706906319,
    0.03569086268544197,
    0.035447970032691956,
    0.035537317395210266,
    0.035410717129707336,
    0.03534857928752899,
    0.03537548705935478,
    0.03531144931912422,
    0.03524915501475334,
    0.035185474902391434,
    0.035130083560943604,
    0.0351441465318203,
    0.035102568566799164
  ],
  "val_loss": [
    0.44674447178840637,
    0.42951202392578125,
    0.40883293747901917,
    0.39012131094932556,
    0.37259188294410706,
    0.3553682863712311,
    0.33857616782188416,
    0.321255624294281,
    0.3050994277000427,
    0.28948599100112915,
    0.2736559510231018,
    0.2582005560398102,
    0.24331225454807281,
    0.2282213717699051,
    0.2135457843542099,
    0.2006779909133911,
    0.18650776147842407,
    0.17471174895763397,
    0.1645333468914032,
    0.15048222243785858,
    0.14267157018184662,
    0.13437828421592712,
    0.1273651123046875,
    0.1192469522356987,
    0.11330793052911758,
    0.10435143858194351,
    0.09815039485692978,
    0.09142467379570007,
    0.08676867932081223,
    0.08097685128450394,
    0.07900355756282806,
    0.07404880225658417,
    0.06926419585943222,
    0.06498277932405472,
    0.06552620977163315,
    0.06273769587278366,
    0.060426026582717896,
    0.05771903693675995,
    0.05574105307459831,
    0.054454635828733444,
    0.051464010030031204,
    0.0485546737909317,
    0.046476077288389206,
    0.04398937523365021,
    0.041780006140470505,
    0.04019952937960625,
    0.03863691911101341,
    0.037019576877355576,
    0.0361592136323452,
    0.03565667197108269,
    0.03522586077451706,
    0.034866031259298325,
    0.03460199013352394,
    0.03484954684972763,
    0.03508317470550537,
    0.035289812833070755,
    0.03506915271282196,
    0.03521525114774704,
    0.03570215776562691,
    0.03623681887984276,
    0.03648035600781441,
    0.03660914674401283,
    0.03774544224143028,
    0.03874998912215233,
    0.040929775685071945,
    0.04297202453017235,
    0.046090155839920044,
    0.05041538551449776,
    0.05469042435288429,
    0.05890481546521187,
    0.06179971620440483,
    0.06380754709243774,
    0.06492158025503159
  ],
  "pixel_rmse": [
    0.5139791965484619,
    0.4317380487918854,
    0.37936195731163025,
    0.3603077828884125,
    0.3529726266860962,
    0.3463248908519745,
    0.33650732040405273,
    0.32972395420074463,
    0.31957805156707764,
    0.309794545173645,
    0.3211615979671478,
    0.301277220249176,
    0.292992502450943,
    0.2817118167877197,
    0.28963685035705566,
    0.26747432351112366,
    0.2654186487197876,
    0.2623307406902313,
    0.2598494589328766,
    0.2566855847835541,
    0.24731256067752838,
    0.2405378371477127,
    0.2372918725013733,
    0.23646211624145508,
    0.2215501070022583,
    0.2167842984199524,
    0.22337812185287476,
    0.2152552753686905,
    0.20982979238033295,
    0.21648144721984863,
    0.20063161849975586,
    0.19615234434604645,
    0.20207810401916504,
    0.19628114998340607,
    0.1872875690460205,
    0.1731697916984558,
    0.17122523486614227,
    0.17068223655223846,
    0.17029307782649994,
    0.16986332833766937,
    0.16955788433551788,
    0.16926193237304688,
    0.16919255256652832,
    0.16914701461791992,
    0.16876401007175446,
    0.168527290225029,
    0.16835172474384308,
    0.16832220554351807,
    0.1682448387145996,
    0.16817133128643036,
    0.16815662384033203,
    0.16815049946308136,
    0.16811436414718628,
    0.16807454824447632,
    0.16805563867092133,
    0.1680595427751541,
    0.1680610328912735,
    0.16804198920726776,
    0.16801275312900543,
    0.1680036038160324,
    0.1680111140012741,
    0.16798746585845947,
    0.1679462045431137,
    0.1679752618074417,
    0.16795293986797333,
    0.16795159876346588,
    0.16796021163463593,
    0.16795341670513153,
    0.16794662177562714,
    0.16793878376483917,
    0.16793109476566315,
    0.16793541610240936,
    0.16792917251586914
  ],
  "val_pixel_rmse": [
    0.4497081935405731,
    0.4325987696647644,
    0.41208451986312866,
    0.39353805780410767,
    0.3761630058288574,
    0.35910820960998535,
    0.342487096786499,
    0.3253316283226013,
    0.3093346357345581,
    0.2939130365848541,
    0.2782430946826935,
    0.2629866600036621,
    0.2483062595129013,
    0.23346909880638123,
    0.21906550228595734,
    0.20639891922473907,
    0.19246339797973633,
    0.18095986545085907,
    0.17099808156490326,
    0.1572537124156952,
    0.14940156042575836,
    0.1411617398262024,
    0.134287491440773,
    0.12624652683734894,
    0.12043247371912003,
    0.11161188781261444,
    0.10550940781831741,
    0.09889092296361923,
    0.09434013813734055,
    0.08861874788999557,
    0.08673357963562012,
    0.08188338577747345,
    0.07725231349468231,
    0.07316163927316666,
    0.07370737940073013,
    0.07109725475311279,
    0.0689796507358551,
    0.06657643616199493,
    0.06478177011013031,
    0.06359561532735825,
    0.06103741005063057,
    0.05870863422751427,
    0.057082876563072205,
    0.0552811324596405,
    0.053753335028886795,
    0.05266973748803139,
    0.051775187253952026,
    0.05079706385731697,
    0.0500020757317543,
    0.04957820102572441,
    0.049233242869377136,
    0.048776399344205856,
    0.04835547134280205,
    0.0483214296400547,
    0.048369407653808594,
    0.04838896542787552,
    0.048107028007507324,
    0.04800141230225563,
    0.04823634400963783,
    0.04860220476984978,
    0.048740483820438385,
    0.04878908768296242,
    0.04995543137192726,
    0.05148671567440033,
    0.055826399475336075,
    0.061518169939517975,
    0.07540007680654526,
    0.09682407230138779,
    0.11881618946790695,
    0.1411152482032776,
    0.15459637343883514,
    0.16384893655776978,
    0.1681554615497589
  ]
}