{
  "loss": [
    0.4241319000720978,
    0.2872655689716339,
    0.16584409773349762,
    0.17160114645957947,
    0.1577691286802292,
    0.14297965168952942,
    0.12805207073688507,
    0.1227908581495285,
    0.12635669112205505,
    0.1316145658493042,
    0.13294847309589386,
    0.1296040266752243,
    0.13173028826713562,
    0.12390665709972382,
    0.1238410696387291,
    0.12837953865528107,
    0.12450725585222244,
    0.12057729810476303,
    0.12288771569728851,
    0.1296488344669342,
    0.12606310844421387,
    0.1207415908575058,
    0.12331962585449219,
    0.12786345183849335,
    0.12388669699430466,
    0.11230112612247467,
    0.12323715537786484,
    0.1275818943977356
  ],
  "rmse": [
    0.4490496516227722,
    0.3192233145236969,
    0.20261377096176147,
    0.21984438598155975,
    0.1952587068080902,
    0.17771276831626892,
    0.1670496165752411,
    0.15860973298549652,
    0.1668763905763626,
    0.17060644924640656,
    0.17145134508609772,
    0.1726732701063156,
    0.16390660405158997,
    0.16274793446063995,
    0.16254602372646332,
    0.17184311151504517,
    0.1666770577430725,
    0.16522839665412903,
    0.16182804107666016,
    0.1667202264070511,
    0.1659955084323883,
    0.15825751423835754,
    0.16431085765361786,
    0.16945937275886536,
    0.161522775888443,
    0.14300893247127533,
    0.1643505096435547,
    0.1613999605178833
  ],
  "val_loss": [
    0.5832088589668274,
    0.35174402594566345,
    0.11488518863916397,
    0.12375899404287338,
    0.23053140938282013,
    0.23718225955963135,
    0.17770789563655853,
    0.1454390287399292,
    0.14100681245326996,
    0.17068707942962646,
    0.18011008203029633,
    0.17641042172908783,
    0.17386488616466522,
    0.17119066417217255,
    0.17220012843608856,
    0.16811393201351166,
    0.1661641001701355,
    0.17361927032470703,
    0.1714545488357544,
    0.17464135587215424,
    0.17851273715496063,
    0.18531537055969238,
    0.18394999206066132,
    0.18140316009521484,
    0.17433519661426544,
    0.17329038679599762,
    0.1818849891424179,
    0.19138182699680328
  ],
  "val_rmse": [
    0.6010714173316956,
    0.3780548572540283,
    0.14272668957710266,
    0.14613820612430573,
    0.25998762249946594,
    0.26625603437423706,
    0.20633327960968018,
    0.167293518781662,
    0.16202972829341888,
    0.19838307797908783,
    0.20950616896152496,
    0.2054448127746582,
    0.2025976926088333,
    0.1993187516927719,
    0.20061202347278595,
    0.1956246793270111,
    0.19326065480709076,
    0.20240135490894318,
    0.19970105588436127,
    0.2035142332315445,
    0.20779435336589813,
    0.21463672816753387,
    0.21322305500507355,
    0.21063227951526642,
    0.20320898294448853,
    0.20204992592334747,
    0.2110842913389206,
    0.22085358202457428
  ],
  "learning_rate": [
    0.0005000000237487257,
    0.0005000000237487257,
    0.0005000000237487257,
    0.0005000000237487257,
    0.0005000000237487257,
    0.0005000000237487257,
    0.0005000000237487257,
    0.0005000000237487257,
    0.0005000000237487257,
    0.0005000000237487257,
    0.0005000000237487257,
    0.0005000000237487257,
    0.0005000000237487257,
    0.0002500000118743628,
    0.0002500000118743628,
    0.0002500000118743628,
    0.0002500000118743628,
    0.0002500000118743628,
    0.0002500000118743628,
    0.0002500000118743628,
    0.0002500000118743628,
    0.0002500000118743628,
    0.0002500000118743628,
    0.0001250000059371814,
    0.0001250000059371814,
    0.0001250000059371814,
    0.0001250000059371814,
    0.0001250000059371814
  ]
}